pais,ano ,fecha,sexo,edad,poblacion
Ecuador,1950,1950-11-29,hombres,0,59456.814
Ecuador,1950,1950-11-29,hombres,1,51742.63248
Ecuador,1950,1950-11-29,hombres,2,51509.56657
Ecuador,1950,1950-11-29,hombres,3,54468.40331
Ecuador,1950,1950-11-29,hombres,4,53535.13939
Ecuador,1950,1950-11-29,hombres,5,51840.6602
Ecuador,1950,1950-11-29,hombres,6,49099.88513
Ecuador,1950,1950-11-29,hombres,7,48397.68655
Ecuador,1950,1950-11-29,hombres,8,46889.25998
Ecuador,1950,1950-11-29,hombres,9,35282.9778
Ecuador,1950,1950-11-29,hombres,10,45555.88291
Ecuador,1950,1950-11-29,hombres,11,31735.97473
Ecuador,1950,1950-11-29,hombres,12,45778.94599
Ecuador,1950,1950-11-29,hombres,13,33210.39168
Ecuador,1950,1950-11-29,hombres,14,36946.44822
Ecuador,1950,1950-11-29,hombres,15,35968.17157
Ecuador,1950,1950-11-29,hombres,16,30408.59936
Ecuador,1950,1950-11-29,hombres,17,28108.94903
Ecuador,1950,1950-11-29,hombres,18,37836.69997
Ecuador,1950,1950-11-29,hombres,19,25245.13916
Ecuador,1950,1950-11-29,hombres,20,36987.45982
Ecuador,1950,1950-11-29,hombres,21,22940.48742
Ecuador,1950,1950-11-29,hombres,22,31413.88364
Ecuador,1950,1950-11-29,hombres,23,24681.9799
Ecuador,1950,1950-11-29,hombres,24,24305.87354
Ecuador,1950,1950-11-29,hombres,25,118862.6136
Ecuador,1950,1950-11-29,hombres,30,93639.48064
Ecuador,1950,1950-11-29,hombres,35,91131.77148
Ecuador,1950,1950-11-29,hombres,40,68474.36411
Ecuador,1950,1950-11-29,hombres,45,55251.6248
Ecuador,1950,1950-11-29,hombres,50,56509.98066
Ecuador,1950,1950-11-29,hombres,55,34434.73792
Ecuador,1950,1950-11-29,hombres,60,32567.2098
Ecuador,1950,1950-11-29,hombres,65,17509.9517
Ecuador,1950,1950-11-29,hombres,70,14510.10336
Ecuador,1950,1950-11-29,hombres,75,7244.04857
Ecuador,1950,1950-11-29,hombres,80,6570.858196
Ecuador,1950,1950-11-29,hombres,85,1942.54934
Ecuador,1950,1950-11-29,hombres,90,1557.440434
Ecuador,1950,1950-11-29,hombres,95,1248.353026
Ecuador,1950,1950-11-29,mujeres,0,58372.3757
Ecuador,1950,1950-11-29,mujeres,1,49792.26262
Ecuador,1950,1950-11-29,mujeres,2,49259.13133
Ecuador,1950,1950-11-29,mujeres,3,53243.11248
Ecuador,1950,1950-11-29,mujeres,4,51999.80629
Ecuador,1950,1950-11-29,mujeres,5,48979.06235
Ecuador,1950,1950-11-29,mujeres,6,47828.77907
Ecuador,1950,1950-11-29,mujeres,7,46890.548
Ecuador,1950,1950-11-29,mujeres,8,45812.28245
Ecuador,1950,1950-11-29,mujeres,9,34118.40253
Ecuador,1950,1950-11-29,mujeres,10,42248.40476
Ecuador,1950,1950-11-29,mujeres,11,29855.35265
Ecuador,1950,1950-11-29,mujeres,12,40795.04683
Ecuador,1950,1950-11-29,mujeres,13,31391.73102
Ecuador,1950,1950-11-29,mujeres,14,34013.37667
Ecuador,1950,1950-11-29,mujeres,15,34773.56388
Ecuador,1950,1950-11-29,mujeres,16,32034.88941
Ecuador,1950,1950-11-29,mujeres,17,27829.85382
Ecuador,1950,1950-11-29,mujeres,18,39694.77586
Ecuador,1950,1950-11-29,mujeres,19,25691.32715
Ecuador,1950,1950-11-29,mujeres,20,44184.88166
Ecuador,1950,1950-11-29,mujeres,21,21278.24031
Ecuador,1950,1950-11-29,mujeres,22,32509.00618
Ecuador,1950,1950-11-29,mujeres,23,24206.96159
Ecuador,1950,1950-11-29,mujeres,24,26265.46855
Ecuador,1950,1950-11-29,mujeres,25,125967.0226
Ecuador,1950,1950-11-29,mujeres,30,95905.61922
Ecuador,1950,1950-11-29,mujeres,35,94592.29578
Ecuador,1950,1950-11-29,mujeres,40,72696.90348
Ecuador,1950,1950-11-29,mujeres,45,59389.62622
Ecuador,1950,1950-11-29,mujeres,50,52822.00878
Ecuador,1950,1950-11-29,mujeres,55,33537.25941
Ecuador,1950,1950-11-29,mujeres,60,36992.11026
Ecuador,1950,1950-11-29,mujeres,65,18884.65083
Ecuador,1950,1950-11-29,mujeres,70,18961.6698
Ecuador,1950,1950-11-29,mujeres,75,8709.144851
Ecuador,1950,1950-11-29,mujeres,80,9536.348571
Ecuador,1950,1950-11-29,mujeres,85,2739.674715
Ecuador,1950,1950-11-29,mujeres,90,2329.573717
Ecuador,1950,1950-11-29,mujeres,95,1821.448579
Ecuador,1962,1962-11-25,hombres,0,73311
Ecuador,1962,1962-11-25,hombres,1,75672
Ecuador,1962,1962-11-25,hombres,2,82438
Ecuador,1962,1962-11-25,hombres,3,78388
Ecuador,1962,1962-11-25,hombres,4,76478
Ecuador,1962,1962-11-25,hombres,5,76546
Ecuador,1962,1962-11-25,hombres,6,74350
Ecuador,1962,1962-11-25,hombres,7,74242
Ecuador,1962,1962-11-25,hombres,8,72602
Ecuador,1962,1962-11-25,hombres,9,56826
Ecuador,1962,1962-11-25,hombres,10,65761
Ecuador,1962,1962-11-25,hombres,11,51236
Ecuador,1962,1962-11-25,hombres,12,68464
Ecuador,1962,1962-11-25,hombres,13,49188
Ecuador,1962,1962-11-25,hombres,14,50435
Ecuador,1962,1962-11-25,hombres,15,47777
Ecuador,1962,1962-11-25,hombres,16,43128
Ecuador,1962,1962-11-25,hombres,17,40134
Ecuador,1962,1962-11-25,hombres,18,48672
Ecuador,1962,1962-11-25,hombres,19,34530
Ecuador,1962,1962-11-25,hombres,20,44384
Ecuador,1962,1962-11-25,hombres,21,28703
Ecuador,1962,1962-11-25,hombres,22,43822
Ecuador,1962,1962-11-25,hombres,23,32843
Ecuador,1962,1962-11-25,hombres,24,33515
Ecuador,1962,1962-11-25,hombres,25,41785
Ecuador,1962,1962-11-25,hombres,26,30078
Ecuador,1962,1962-11-25,hombres,27,28043
Ecuador,1962,1962-11-25,hombres,28,36050
Ecuador,1962,1962-11-25,hombres,29,20736
Ecuador,1962,1962-11-25,hombres,30,46380
Ecuador,1962,1962-11-25,hombres,31,15915
Ecuador,1962,1962-11-25,hombres,32,31473
Ecuador,1962,1962-11-25,hombres,33,21970
Ecuador,1962,1962-11-25,hombres,34,19885
Ecuador,1962,1962-11-25,hombres,35,34434
Ecuador,1962,1962-11-25,hombres,36,21230
Ecuador,1962,1962-11-25,hombres,37,17766
Ecuador,1962,1962-11-25,hombres,38,27811
Ecuador,1962,1962-11-25,hombres,39,15141
Ecuador,1962,1962-11-25,hombres,40,41054
Ecuador,1962,1962-11-25,hombres,41,9912
Ecuador,1962,1962-11-25,hombres,42,22602
Ecuador,1962,1962-11-25,hombres,43,11883
Ecuador,1962,1962-11-25,hombres,44,11727
Ecuador,1962,1962-11-25,hombres,45,27518
Ecuador,1962,1962-11-25,hombres,46,12603
Ecuador,1962,1962-11-25,hombres,47,10140
Ecuador,1962,1962-11-25,hombres,48,18378
Ecuador,1962,1962-11-25,hombres,49,8634
Ecuador,1962,1962-11-25,hombres,50,30813
Ecuador,1962,1962-11-25,hombres,51,6770
Ecuador,1962,1962-11-25,hombres,52,14989
Ecuador,1962,1962-11-25,hombres,53,8137
Ecuador,1962,1962-11-25,hombres,54,8647
Ecuador,1962,1962-11-25,hombres,55,15206
Ecuador,1962,1962-11-25,hombres,56,9255
Ecuador,1962,1962-11-25,hombres,57,5977
Ecuador,1962,1962-11-25,hombres,58,9554
Ecuador,1962,1962-11-25,hombres,59,4680
Ecuador,1962,1962-11-25,hombres,60,25889
Ecuador,1962,1962-11-25,hombres,61,3800
Ecuador,1962,1962-11-25,hombres,62,10077
Ecuador,1962,1962-11-25,hombres,63,4187
Ecuador,1962,1962-11-25,hombres,64,4022
Ecuador,1962,1962-11-25,hombres,65,10475
Ecuador,1962,1962-11-25,hombres,66,3806
Ecuador,1962,1962-11-25,hombres,67,3212
Ecuador,1962,1962-11-25,hombres,68,4458
Ecuador,1962,1962-11-25,hombres,69,1660
Ecuador,1962,1962-11-25,hombres,70,12977
Ecuador,1962,1962-11-25,hombres,71,1071
Ecuador,1962,1962-11-25,hombres,72,3101
Ecuador,1962,1962-11-25,hombres,73,1558
Ecuador,1962,1962-11-25,hombres,74,1654
Ecuador,1962,1962-11-25,hombres,75,4983
Ecuador,1962,1962-11-25,hombres,76,1495
Ecuador,1962,1962-11-25,hombres,77,1030
Ecuador,1962,1962-11-25,hombres,78,1955
Ecuador,1962,1962-11-25,hombres,79,627
Ecuador,1962,1962-11-25,hombres,80,6001
Ecuador,1962,1962-11-25,hombres,81,407
Ecuador,1962,1962-11-25,hombres,82,848
Ecuador,1962,1962-11-25,hombres,83,399
Ecuador,1962,1962-11-25,hombres,84,439
Ecuador,1962,1962-11-25,hombres,85,1521
Ecuador,1962,1962-11-25,hombres,86,389
Ecuador,1962,1962-11-25,hombres,87,290
Ecuador,1962,1962-11-25,hombres,88,319
Ecuador,1962,1962-11-25,hombres,89,170
Ecuador,1962,1962-11-25,hombres,90,2872
Ecuador,1962,1962-11-25,hombres,91,8
Ecuador,1962,1962-11-25,hombres,92,20
Ecuador,1962,1962-11-25,hombres,93,14
Ecuador,1962,1962-11-25,hombres,94,9
Ecuador,1962,1962-11-25,hombres,95,38
Ecuador,1962,1962-11-25,hombres,96,13
Ecuador,1962,1962-11-25,hombres,97,10
Ecuador,1962,1962-11-25,hombres,98,11
Ecuador,1962,1962-11-25,hombres,99,4
Ecuador,1962,1962-11-25,hombres,100,36
Ecuador,1962,1962-11-25,mujeres,0,73272
Ecuador,1962,1962-11-25,mujeres,1,74389
Ecuador,1962,1962-11-25,mujeres,2,75249
Ecuador,1962,1962-11-25,mujeres,3,77457
Ecuador,1962,1962-11-25,mujeres,4,76006
Ecuador,1962,1962-11-25,mujeres,5,72864
Ecuador,1962,1962-11-25,mujeres,6,72572
Ecuador,1962,1962-11-25,mujeres,7,73216
Ecuador,1962,1962-11-25,mujeres,8,69529
Ecuador,1962,1962-11-25,mujeres,9,55338
Ecuador,1962,1962-11-25,mujeres,10,62374
Ecuador,1962,1962-11-25,mujeres,11,48435
Ecuador,1962,1962-11-25,mujeres,12,63255
Ecuador,1962,1962-11-25,mujeres,13,46606
Ecuador,1962,1962-11-25,mujeres,14,48006
Ecuador,1962,1962-11-25,mujeres,15,47570
Ecuador,1962,1962-11-25,mujeres,16,45256
Ecuador,1962,1962-11-25,mujeres,17,41229
Ecuador,1962,1962-11-25,mujeres,18,51421
Ecuador,1962,1962-11-25,mujeres,19,35403
Ecuador,1962,1962-11-25,mujeres,20,53188
Ecuador,1962,1962-11-25,mujeres,21,28613
Ecuador,1962,1962-11-25,mujeres,22,44916
Ecuador,1962,1962-11-25,mujeres,23,32935
Ecuador,1962,1962-11-25,mujeres,24,35611
Ecuador,1962,1962-11-25,mujeres,25,47181
Ecuador,1962,1962-11-25,mujeres,26,32969
Ecuador,1962,1962-11-25,mujeres,27,27884
Ecuador,1962,1962-11-25,mujeres,28,40484
Ecuador,1962,1962-11-25,mujeres,29,19913
Ecuador,1962,1962-11-25,mujeres,30,53404
Ecuador,1962,1962-11-25,mujeres,31,13274
Ecuador,1962,1962-11-25,mujeres,32,30346
Ecuador,1962,1962-11-25,mujeres,33,18188
Ecuador,1962,1962-11-25,mujeres,34,18982
Ecuador,1962,1962-11-25,mujeres,35,39010
Ecuador,1962,1962-11-25,mujeres,36,22480
Ecuador,1962,1962-11-25,mujeres,37,16681
Ecuador,1962,1962-11-25,mujeres,38,30289
Ecuador,1962,1962-11-25,mujeres,39,13375
Ecuador,1962,1962-11-25,mujeres,40,47407
Ecuador,1962,1962-11-25,mujeres,41,7338
Ecuador,1962,1962-11-25,mujeres,42,18308
Ecuador,1962,1962-11-25,mujeres,43,10004
Ecuador,1962,1962-11-25,mujeres,44,12118
Ecuador,1962,1962-11-25,mujeres,45,31229
Ecuador,1962,1962-11-25,mujeres,46,11832
Ecuador,1962,1962-11-25,mujeres,47,9117
Ecuador,1962,1962-11-25,mujeres,48,18977
Ecuador,1962,1962-11-25,mujeres,49,7106
Ecuador,1962,1962-11-25,mujeres,50,37939
Ecuador,1962,1962-11-25,mujeres,51,4608
Ecuador,1962,1962-11-25,mujeres,52,11920
Ecuador,1962,1962-11-25,mujeres,53,5974
Ecuador,1962,1962-11-25,mujeres,54,7822
Ecuador,1962,1962-11-25,mujeres,55,17513
Ecuador,1962,1962-11-25,mujeres,56,8053
Ecuador,1962,1962-11-25,mujeres,57,4694
Ecuador,1962,1962-11-25,mujeres,58,9767
Ecuador,1962,1962-11-25,mujeres,59,3553
Ecuador,1962,1962-11-25,mujeres,60,32578
Ecuador,1962,1962-11-25,mujeres,61,2546
Ecuador,1962,1962-11-25,mujeres,62,7386
Ecuador,1962,1962-11-25,mujeres,63,3170
Ecuador,1962,1962-11-25,mujeres,64,3523
Ecuador,1962,1962-11-25,mujeres,65,12483
Ecuador,1962,1962-11-25,mujeres,66,2995
Ecuador,1962,1962-11-25,mujeres,67,2340
Ecuador,1962,1962-11-25,mujeres,68,4393
Ecuador,1962,1962-11-25,mujeres,69,1306
Ecuador,1962,1962-11-25,mujeres,70,16969
Ecuador,1962,1962-11-25,mujeres,71,854
Ecuador,1962,1962-11-25,mujeres,72,2632
Ecuador,1962,1962-11-25,mujeres,73,1166
Ecuador,1962,1962-11-25,mujeres,74,1348
Ecuador,1962,1962-11-25,mujeres,75,6139
Ecuador,1962,1962-11-25,mujeres,76,1314
Ecuador,1962,1962-11-25,mujeres,77,839
Ecuador,1962,1962-11-25,mujeres,78,1966
Ecuador,1962,1962-11-25,mujeres,79,566
Ecuador,1962,1962-11-25,mujeres,80,8726
Ecuador,1962,1962-11-25,mujeres,81,392
Ecuador,1962,1962-11-25,mujeres,82,890
Ecuador,1962,1962-11-25,mujeres,83,400
Ecuador,1962,1962-11-25,mujeres,84,468
Ecuador,1962,1962-11-25,mujeres,85,1973
Ecuador,1962,1962-11-25,mujeres,86,402
Ecuador,1962,1962-11-25,mujeres,87,307
Ecuador,1962,1962-11-25,mujeres,88,334
Ecuador,1962,1962-11-25,mujeres,89,179
Ecuador,1962,1962-11-25,mujeres,90,4284
Ecuador,1962,1962-11-25,mujeres,91,10
Ecuador,1962,1962-11-25,mujeres,92,34
Ecuador,1962,1962-11-25,mujeres,93,13
Ecuador,1962,1962-11-25,mujeres,94,11
Ecuador,1962,1962-11-25,mujeres,95,44
Ecuador,1962,1962-11-25,mujeres,96,13
Ecuador,1962,1962-11-25,mujeres,97,7
Ecuador,1962,1962-11-25,mujeres,98,21
Ecuador,1962,1962-11-25,mujeres,99,4
Ecuador,1962,1962-11-25,mujeres,100,57
Ecuador,1974,1974-06-08,hombres,0,110976
Ecuador,1974,1974-06-08,hombres,1,99379
Ecuador,1974,1974-06-08,hombres,2,100435
Ecuador,1974,1974-06-08,hombres,3,108689
Ecuador,1974,1974-06-08,hombres,4,107986
Ecuador,1974,1974-06-08,hombres,5,105737
Ecuador,1974,1974-06-08,hombres,6,101028
Ecuador,1974,1974-06-08,hombres,7,100389
Ecuador,1974,1974-06-08,hombres,8,99921
Ecuador,1974,1974-06-08,hombres,9,88928
Ecuador,1974,1974-06-08,hombres,10,97041
Ecuador,1974,1974-06-08,hombres,11,83808
Ecuador,1974,1974-06-08,hombres,12,97675
Ecuador,1974,1974-06-08,hombres,13,83872
Ecuador,1974,1974-06-08,hombres,14,82601
Ecuador,1974,1974-06-08,hombres,15,73809
Ecuador,1974,1974-06-08,hombres,16,68938
Ecuador,1974,1974-06-08,hombres,17,70380
Ecuador,1974,1974-06-08,hombres,18,73494
Ecuador,1974,1974-06-08,hombres,19,62815
Ecuador,1974,1974-06-08,hombres,20,63914
Ecuador,1974,1974-06-08,hombres,21,49412
Ecuador,1974,1974-06-08,hombres,22,59915
Ecuador,1974,1974-06-08,hombres,23,57016
Ecuador,1974,1974-06-08,hombres,24,54749
Ecuador,1974,1974-06-08,hombres,25,50900
Ecuador,1974,1974-06-08,hombres,26,43534
Ecuador,1974,1974-06-08,hombres,27,43142
Ecuador,1974,1974-06-08,hombres,28,46398
Ecuador,1974,1974-06-08,hombres,29,34301
Ecuador,1974,1974-06-08,hombres,30,49858
Ecuador,1974,1974-06-08,hombres,31,25316
Ecuador,1974,1974-06-08,hombres,32,35996
Ecuador,1974,1974-06-08,hombres,33,35635
Ecuador,1974,1974-06-08,hombres,34,33428
Ecuador,1974,1974-06-08,hombres,35,37680
Ecuador,1974,1974-06-08,hombres,36,29506
Ecuador,1974,1974-06-08,hombres,37,28341
Ecuador,1974,1974-06-08,hombres,38,35987
Ecuador,1974,1974-06-08,hombres,39,25472
Ecuador,1974,1974-06-08,hombres,40,43304
Ecuador,1974,1974-06-08,hombres,41,18264
Ecuador,1974,1974-06-08,hombres,42,28002
Ecuador,1974,1974-06-08,hombres,43,24923
Ecuador,1974,1974-06-08,hombres,44,25812
Ecuador,1974,1974-06-08,hombres,45,31927
Ecuador,1974,1974-06-08,hombres,46,20212
Ecuador,1974,1974-06-08,hombres,47,16856
Ecuador,1974,1974-06-08,hombres,48,24128
Ecuador,1974,1974-06-08,hombres,49,16465
Ecuador,1974,1974-06-08,hombres,50,31375
Ecuador,1974,1974-06-08,hombres,51,11727
Ecuador,1974,1974-06-08,hombres,52,18864
Ecuador,1974,1974-06-08,hombres,53,16345
Ecuador,1974,1974-06-08,hombres,54,17395
Ecuador,1974,1974-06-08,hombres,55,19662
Ecuador,1974,1974-06-08,hombres,56,14824
Ecuador,1974,1974-06-08,hombres,57,10766
Ecuador,1974,1974-06-08,hombres,58,13769
Ecuador,1974,1974-06-08,hombres,59,9373
Ecuador,1974,1974-06-08,hombres,60,28688
Ecuador,1974,1974-06-08,hombres,61,6749
Ecuador,1974,1974-06-08,hombres,62,10613
Ecuador,1974,1974-06-08,hombres,63,10550
Ecuador,1974,1974-06-08,hombres,64,11610
Ecuador,1974,1974-06-08,hombres,65,14593
Ecuador,1974,1974-06-08,hombres,66,7531
Ecuador,1974,1974-06-08,hombres,67,5945
Ecuador,1974,1974-06-08,hombres,68,7648
Ecuador,1974,1974-06-08,hombres,69,5011
Ecuador,1974,1974-06-08,hombres,70,17073
Ecuador,1974,1974-06-08,hombres,71,3377
Ecuador,1974,1974-06-08,hombres,72,5530
Ecuador,1974,1974-06-08,hombres,73,5408
Ecuador,1974,1974-06-08,hombres,74,6220
Ecuador,1974,1974-06-08,hombres,75,7467
Ecuador,1974,1974-06-08,hombres,76,2982
Ecuador,1974,1974-06-08,hombres,77,2105
Ecuador,1974,1974-06-08,hombres,78,3322
Ecuador,1974,1974-06-08,hombres,79,1572
Ecuador,1974,1974-06-08,hombres,80,7569
Ecuador,1974,1974-06-08,hombres,81,886
Ecuador,1974,1974-06-08,hombres,82,1368
Ecuador,1974,1974-06-08,hombres,83,1012
Ecuador,1974,1974-06-08,hombres,84,1328
Ecuador,1974,1974-06-08,hombres,85,2493
Ecuador,1974,1974-06-08,hombres,86,878
Ecuador,1974,1974-06-08,hombres,87,518
Ecuador,1974,1974-06-08,hombres,88,598
Ecuador,1974,1974-06-08,hombres,89,402
Ecuador,1974,1974-06-08,hombres,90,2111
Ecuador,1974,1974-06-08,hombres,91,152
Ecuador,1974,1974-06-08,hombres,92,205
Ecuador,1974,1974-06-08,hombres,93,169
Ecuador,1974,1974-06-08,hombres,94,247
Ecuador,1974,1974-06-08,hombres,95,2089
Ecuador,1974,1974-06-08,mujeres,0,108803
Ecuador,1974,1974-06-08,mujeres,1,96782
Ecuador,1974,1974-06-08,mujeres,2,97683
Ecuador,1974,1974-06-08,mujeres,3,107608
Ecuador,1974,1974-06-08,mujeres,4,105247
Ecuador,1974,1974-06-08,mujeres,5,101371
Ecuador,1974,1974-06-08,mujeres,6,99492
Ecuador,1974,1974-06-08,mujeres,7,98032
Ecuador,1974,1974-06-08,mujeres,8,98435
Ecuador,1974,1974-06-08,mujeres,9,87935
Ecuador,1974,1974-06-08,mujeres,10,94423
Ecuador,1974,1974-06-08,mujeres,11,81820
Ecuador,1974,1974-06-08,mujeres,12,92242
Ecuador,1974,1974-06-08,mujeres,13,81151
Ecuador,1974,1974-06-08,mujeres,14,80761
Ecuador,1974,1974-06-08,mujeres,15,74846
Ecuador,1974,1974-06-08,mujeres,16,71584
Ecuador,1974,1974-06-08,mujeres,17,70573
Ecuador,1974,1974-06-08,mujeres,18,75584
Ecuador,1974,1974-06-08,mujeres,19,61193
Ecuador,1974,1974-06-08,mujeres,20,70177
Ecuador,1974,1974-06-08,mujeres,21,49340
Ecuador,1974,1974-06-08,mujeres,22,62481
Ecuador,1974,1974-06-08,mujeres,23,57019
Ecuador,1974,1974-06-08,mujeres,24,56685
Ecuador,1974,1974-06-08,mujeres,25,54616
Ecuador,1974,1974-06-08,mujeres,26,45283
Ecuador,1974,1974-06-08,mujeres,27,42767
Ecuador,1974,1974-06-08,mujeres,28,49794
Ecuador,1974,1974-06-08,mujeres,29,33278
Ecuador,1974,1974-06-08,mujeres,30,55036
Ecuador,1974,1974-06-08,mujeres,31,23209
Ecuador,1974,1974-06-08,mujeres,32,37469
Ecuador,1974,1974-06-08,mujeres,33,32100
Ecuador,1974,1974-06-08,mujeres,34,32376
Ecuador,1974,1974-06-08,mujeres,35,41718
Ecuador,1974,1974-06-08,mujeres,36,31443
Ecuador,1974,1974-06-08,mujeres,37,27801
Ecuador,1974,1974-06-08,mujeres,38,39248
Ecuador,1974,1974-06-08,mujeres,39,24048
Ecuador,1974,1974-06-08,mujeres,40,49976
Ecuador,1974,1974-06-08,mujeres,41,15418
Ecuador,1974,1974-06-08,mujeres,42,28024
Ecuador,1974,1974-06-08,mujeres,43,22627
Ecuador,1974,1974-06-08,mujeres,44,23029
Ecuador,1974,1974-06-08,mujeres,45,35574
Ecuador,1974,1974-06-08,mujeres,46,19424
Ecuador,1974,1974-06-08,mujeres,47,15810
Ecuador,1974,1974-06-08,mujeres,48,24958
Ecuador,1974,1974-06-08,mujeres,49,14095
Ecuador,1974,1974-06-08,mujeres,50,38266
Ecuador,1974,1974-06-08,mujeres,51,9265
Ecuador,1974,1974-06-08,mujeres,52,17765
Ecuador,1974,1974-06-08,mujeres,53,13273
Ecuador,1974,1974-06-08,mujeres,54,15284
Ecuador,1974,1974-06-08,mujeres,55,21988
Ecuador,1974,1974-06-08,mujeres,56,13519
Ecuador,1974,1974-06-08,mujeres,57,8981
Ecuador,1974,1974-06-08,mujeres,58,14428
Ecuador,1974,1974-06-08,mujeres,59,7647
Ecuador,1974,1974-06-08,mujeres,60,37044
Ecuador,1974,1974-06-08,mujeres,61,5222
Ecuador,1974,1974-06-08,mujeres,62,10263
Ecuador,1974,1974-06-08,mujeres,63,8469
Ecuador,1974,1974-06-08,mujeres,64,9596
Ecuador,1974,1974-06-08,mujeres,65,18250
Ecuador,1974,1974-06-08,mujeres,66,6483
Ecuador,1974,1974-06-08,mujeres,67,4997
Ecuador,1974,1974-06-08,mujeres,68,8187
Ecuador,1974,1974-06-08,mujeres,69,4021
Ecuador,1974,1974-06-08,mujeres,70,22802
Ecuador,1974,1974-06-08,mujeres,71,2459
Ecuador,1974,1974-06-08,mujeres,72,5393
Ecuador,1974,1974-06-08,mujeres,73,4328
Ecuador,1974,1974-06-08,mujeres,74,4831
Ecuador,1974,1974-06-08,mujeres,75,9567
Ecuador,1974,1974-06-08,mujeres,76,2806
Ecuador,1974,1974-06-08,mujeres,77,1802
Ecuador,1974,1974-06-08,mujeres,78,3721
Ecuador,1974,1974-06-08,mujeres,79,1399
Ecuador,1974,1974-06-08,mujeres,80,12052
Ecuador,1974,1974-06-08,mujeres,81,762
Ecuador,1974,1974-06-08,mujeres,82,1591
Ecuador,1974,1974-06-08,mujeres,83,928
Ecuador,1974,1974-06-08,mujeres,84,1388
Ecuador,1974,1974-06-08,mujeres,85,3449
Ecuador,1974,1974-06-08,mujeres,86,972
Ecuador,1974,1974-06-08,mujeres,87,633
Ecuador,1974,1974-06-08,mujeres,88,759
Ecuador,1974,1974-06-08,mujeres,89,474
Ecuador,1974,1974-06-08,mujeres,90,3593
Ecuador,1974,1974-06-08,mujeres,91,157
Ecuador,1974,1974-06-08,mujeres,92,350
Ecuador,1974,1974-06-08,mujeres,93,199
Ecuador,1974,1974-06-08,mujeres,94,215
Ecuador,1974,1974-06-08,mujeres,95,3331
Ecuador,1982,1982-11-28,hombres,0,121947
Ecuador,1982,1982-11-28,hombres,1,119970
Ecuador,1982,1982-11-28,hombres,2,122781
Ecuador,1982,1982-11-28,hombres,3,126239
Ecuador,1982,1982-11-28,hombres,4,129059
Ecuador,1982,1982-11-28,hombres,5,123128
Ecuador,1982,1982-11-28,hombres,6,113694
Ecuador,1982,1982-11-28,hombres,7,113260
Ecuador,1982,1982-11-28,hombres,8,113840
Ecuador,1982,1982-11-28,hombres,9,101320
Ecuador,1982,1982-11-28,hombres,10,112664
Ecuador,1982,1982-11-28,hombres,11,100809
Ecuador,1982,1982-11-28,hombres,12,118073
Ecuador,1982,1982-11-28,hombres,13,94973
Ecuador,1982,1982-11-28,hombres,14,98498
Ecuador,1982,1982-11-28,hombres,15,89283
Ecuador,1982,1982-11-28,hombres,16,88022
Ecuador,1982,1982-11-28,hombres,17,88815
Ecuador,1982,1982-11-28,hombres,18,91155
Ecuador,1982,1982-11-28,hombres,19,79591
Ecuador,1982,1982-11-28,hombres,20,81243
Ecuador,1982,1982-11-28,hombres,21,67992
Ecuador,1982,1982-11-28,hombres,22,89987
Ecuador,1982,1982-11-28,hombres,23,72218
Ecuador,1982,1982-11-28,hombres,24,67441
Ecuador,1982,1982-11-28,hombres,25,67968
Ecuador,1982,1982-11-28,hombres,26,61472
Ecuador,1982,1982-11-28,hombres,27,60891
Ecuador,1982,1982-11-28,hombres,28,61515
Ecuador,1982,1982-11-28,hombres,29,47465
Ecuador,1982,1982-11-28,hombres,30,64916
Ecuador,1982,1982-11-28,hombres,31,38792
Ecuador,1982,1982-11-28,hombres,32,58334
Ecuador,1982,1982-11-28,hombres,33,45954
Ecuador,1982,1982-11-28,hombres,34,39548
Ecuador,1982,1982-11-28,hombres,35,46395
Ecuador,1982,1982-11-28,hombres,36,40381
Ecuador,1982,1982-11-28,hombres,37,36319
Ecuador,1982,1982-11-28,hombres,38,43543
Ecuador,1982,1982-11-28,hombres,39,30476
Ecuador,1982,1982-11-28,hombres,40,48139
Ecuador,1982,1982-11-28,hombres,41,24612
Ecuador,1982,1982-11-28,hombres,42,45187
Ecuador,1982,1982-11-28,hombres,43,27351
Ecuador,1982,1982-11-28,hombres,44,26215
Ecuador,1982,1982-11-28,hombres,45,36586
Ecuador,1982,1982-11-28,hombres,46,25220
Ecuador,1982,1982-11-28,hombres,47,23015
Ecuador,1982,1982-11-28,hombres,48,28725
Ecuador,1982,1982-11-28,hombres,49,20493
Ecuador,1982,1982-11-28,hombres,50,36523
Ecuador,1982,1982-11-28,hombres,51,16576
Ecuador,1982,1982-11-28,hombres,52,30886
Ecuador,1982,1982-11-28,hombres,53,20130
Ecuador,1982,1982-11-28,hombres,54,19738
Ecuador,1982,1982-11-28,hombres,55,23965
Ecuador,1982,1982-11-28,hombres,56,19974
Ecuador,1982,1982-11-28,hombres,57,14635
Ecuador,1982,1982-11-28,hombres,58,16751
Ecuador,1982,1982-11-28,hombres,59,11175
Ecuador,1982,1982-11-28,hombres,60,32059
Ecuador,1982,1982-11-28,hombres,61,9458
Ecuador,1982,1982-11-28,hombres,62,16591
Ecuador,1982,1982-11-28,hombres,63,11006
Ecuador,1982,1982-11-28,hombres,64,10946
Ecuador,1982,1982-11-28,hombres,65,17576
Ecuador,1982,1982-11-28,hombres,66,10493
Ecuador,1982,1982-11-28,hombres,67,8756
Ecuador,1982,1982-11-28,hombres,68,9693
Ecuador,1982,1982-11-28,hombres,69,5703
Ecuador,1982,1982-11-28,hombres,70,19695
Ecuador,1982,1982-11-28,hombres,71,4990
Ecuador,1982,1982-11-28,hombres,72,10053
Ecuador,1982,1982-11-28,hombres,73,5925
Ecuador,1982,1982-11-28,hombres,74,5231
Ecuador,1982,1982-11-28,hombres,75,10083
Ecuador,1982,1982-11-28,hombres,76,5081
Ecuador,1982,1982-11-28,hombres,77,3841
Ecuador,1982,1982-11-28,hombres,78,5265
Ecuador,1982,1982-11-28,hombres,79,2628
Ecuador,1982,1982-11-28,hombres,80,9372
Ecuador,1982,1982-11-28,hombres,81,2006
Ecuador,1982,1982-11-28,hombres,82,4118
Ecuador,1982,1982-11-28,hombres,83,1547
Ecuador,1982,1982-11-28,hombres,84,1467
Ecuador,1982,1982-11-28,hombres,85,2643
Ecuador,1982,1982-11-28,hombres,86,1242
Ecuador,1982,1982-11-28,hombres,87,974
Ecuador,1982,1982-11-28,hombres,88,797
Ecuador,1982,1982-11-28,hombres,89,525
Ecuador,1982,1982-11-28,hombres,90,2037
Ecuador,1982,1982-11-28,hombres,91,229
Ecuador,1982,1982-11-28,hombres,92,434
Ecuador,1982,1982-11-28,hombres,93,286
Ecuador,1982,1982-11-28,hombres,94,250
Ecuador,1982,1982-11-28,hombres,95,2167
Ecuador,1982,1982-11-28,mujeres,0,119056
Ecuador,1982,1982-11-28,mujeres,1,115953
Ecuador,1982,1982-11-28,mujeres,2,119278
Ecuador,1982,1982-11-28,mujeres,3,124507
Ecuador,1982,1982-11-28,mujeres,4,124393
Ecuador,1982,1982-11-28,mujeres,5,118587
Ecuador,1982,1982-11-28,mujeres,6,112086
Ecuador,1982,1982-11-28,mujeres,7,108971
Ecuador,1982,1982-11-28,mujeres,8,112399
Ecuador,1982,1982-11-28,mujeres,9,99736
Ecuador,1982,1982-11-28,mujeres,10,108585
Ecuador,1982,1982-11-28,mujeres,11,97906
Ecuador,1982,1982-11-28,mujeres,12,110866
Ecuador,1982,1982-11-28,mujeres,13,93416
Ecuador,1982,1982-11-28,mujeres,14,99418
Ecuador,1982,1982-11-28,mujeres,15,88377
Ecuador,1982,1982-11-28,mujeres,16,88383
Ecuador,1982,1982-11-28,mujeres,17,88294
Ecuador,1982,1982-11-28,mujeres,18,96195
Ecuador,1982,1982-11-28,mujeres,19,78671
Ecuador,1982,1982-11-28,mujeres,20,93536
Ecuador,1982,1982-11-28,mujeres,21,69177
Ecuador,1982,1982-11-28,mujeres,22,91052
Ecuador,1982,1982-11-28,mujeres,23,74044
Ecuador,1982,1982-11-28,mujeres,24,70416
Ecuador,1982,1982-11-28,mujeres,25,72440
Ecuador,1982,1982-11-28,mujeres,26,64618
Ecuador,1982,1982-11-28,mujeres,27,62479
Ecuador,1982,1982-11-28,mujeres,28,65394
Ecuador,1982,1982-11-28,mujeres,29,48304
Ecuador,1982,1982-11-28,mujeres,30,69487
Ecuador,1982,1982-11-28,mujeres,31,38056
Ecuador,1982,1982-11-28,mujeres,32,58981
Ecuador,1982,1982-11-28,mujeres,33,43503
Ecuador,1982,1982-11-28,mujeres,34,39825
Ecuador,1982,1982-11-28,mujeres,35,49836
Ecuador,1982,1982-11-28,mujeres,36,42675
Ecuador,1982,1982-11-28,mujeres,37,37044
Ecuador,1982,1982-11-28,mujeres,38,45635
Ecuador,1982,1982-11-28,mujeres,39,30073
Ecuador,1982,1982-11-28,mujeres,40,52641
Ecuador,1982,1982-11-28,mujeres,41,22984
Ecuador,1982,1982-11-28,mujeres,42,41745
Ecuador,1982,1982-11-28,mujeres,43,26908
Ecuador,1982,1982-11-28,mujeres,44,25827
Ecuador,1982,1982-11-28,mujeres,45,39062
Ecuador,1982,1982-11-28,mujeres,46,25845
Ecuador,1982,1982-11-28,mujeres,47,22958
Ecuador,1982,1982-11-28,mujeres,48,30802
Ecuador,1982,1982-11-28,mujeres,49,19298
Ecuador,1982,1982-11-28,mujeres,50,42611
Ecuador,1982,1982-11-28,mujeres,51,14938
Ecuador,1982,1982-11-28,mujeres,52,28770
Ecuador,1982,1982-11-28,mujeres,53,18164
Ecuador,1982,1982-11-28,mujeres,54,19679
Ecuador,1982,1982-11-28,mujeres,55,26067
Ecuador,1982,1982-11-28,mujeres,56,18849
Ecuador,1982,1982-11-28,mujeres,57,13405
Ecuador,1982,1982-11-28,mujeres,58,17464
Ecuador,1982,1982-11-28,mujeres,59,9702
Ecuador,1982,1982-11-28,mujeres,60,38478
Ecuador,1982,1982-11-28,mujeres,61,7471
Ecuador,1982,1982-11-28,mujeres,62,15293
Ecuador,1982,1982-11-28,mujeres,63,9791
Ecuador,1982,1982-11-28,mujeres,64,10222
Ecuador,1982,1982-11-28,mujeres,65,20928
Ecuador,1982,1982-11-28,mujeres,66,9479
Ecuador,1982,1982-11-28,mujeres,67,7814
Ecuador,1982,1982-11-28,mujeres,68,10294
Ecuador,1982,1982-11-28,mujeres,69,5144
Ecuador,1982,1982-11-28,mujeres,70,24847
Ecuador,1982,1982-11-28,mujeres,71,4127
Ecuador,1982,1982-11-28,mujeres,72,8918
Ecuador,1982,1982-11-28,mujeres,73,5171
Ecuador,1982,1982-11-28,mujeres,74,4866
Ecuador,1982,1982-11-28,mujeres,75,12150
Ecuador,1982,1982-11-28,mujeres,76,4992
Ecuador,1982,1982-11-28,mujeres,77,3334
Ecuador,1982,1982-11-28,mujeres,78,5477
Ecuador,1982,1982-11-28,mujeres,79,2444
Ecuador,1982,1982-11-28,mujeres,80,12984
Ecuador,1982,1982-11-28,mujeres,81,1839
Ecuador,1982,1982-11-28,mujeres,82,4178
Ecuador,1982,1982-11-28,mujeres,83,1535
Ecuador,1982,1982-11-28,mujeres,84,1773
Ecuador,1982,1982-11-28,mujeres,85,4024
Ecuador,1982,1982-11-28,mujeres,86,1571
Ecuador,1982,1982-11-28,mujeres,87,1036
Ecuador,1982,1982-11-28,mujeres,88,932
Ecuador,1982,1982-11-28,mujeres,89,560
Ecuador,1982,1982-11-28,mujeres,90,3519
Ecuador,1982,1982-11-28,mujeres,91,274
Ecuador,1982,1982-11-28,mujeres,92,562
Ecuador,1982,1982-11-28,mujeres,93,352
Ecuador,1982,1982-11-28,mujeres,94,319
Ecuador,1982,1982-11-28,mujeres,95,3609
Ecuador,1990,1990-11-25,hombres,0,125041
Ecuador,1990,1990-11-25,hombres,1,126401
Ecuador,1990,1990-11-25,hombres,2,127611
Ecuador,1990,1990-11-25,hombres,3,132220
Ecuador,1990,1990-11-25,hombres,4,131810
Ecuador,1990,1990-11-25,hombres,5,133297
Ecuador,1990,1990-11-25,hombres,6,123644
Ecuador,1990,1990-11-25,hombres,7,125352
Ecuador,1990,1990-11-25,hombres,8,132447
Ecuador,1990,1990-11-25,hombres,9,126026
Ecuador,1990,1990-11-25,hombres,10,138316
Ecuador,1990,1990-11-25,hombres,11,117644
Ecuador,1990,1990-11-25,hombres,12,132625
Ecuador,1990,1990-11-25,hombres,13,120676
Ecuador,1990,1990-11-25,hombres,14,112379
Ecuador,1990,1990-11-25,hombres,15,107046
Ecuador,1990,1990-11-25,hombres,16,102332
Ecuador,1990,1990-11-25,hombres,17,103669
Ecuador,1990,1990-11-25,hombres,18,107206
Ecuador,1990,1990-11-25,hombres,19,89266
Ecuador,1990,1990-11-25,hombres,20,101525
Ecuador,1990,1990-11-25,hombres,21,76265
Ecuador,1990,1990-11-25,hombres,22,94356
Ecuador,1990,1990-11-25,hombres,23,86581
Ecuador,1990,1990-11-25,hombres,24,83704
Ecuador,1990,1990-11-25,hombres,25,89621
Ecuador,1990,1990-11-25,hombres,26,75516
Ecuador,1990,1990-11-25,hombres,27,74247
Ecuador,1990,1990-11-25,hombres,28,79930
Ecuador,1990,1990-11-25,hombres,29,62376
Ecuador,1990,1990-11-25,hombres,30,94962
Ecuador,1990,1990-11-25,hombres,31,51051
Ecuador,1990,1990-11-25,hombres,32,63881
Ecuador,1990,1990-11-25,hombres,33,62444
Ecuador,1990,1990-11-25,hombres,34,54025
Ecuador,1990,1990-11-25,hombres,35,66811
Ecuador,1990,1990-11-25,hombres,36,55862
Ecuador,1990,1990-11-25,hombres,37,47647
Ecuador,1990,1990-11-25,hombres,38,59112
Ecuador,1990,1990-11-25,hombres,39,45634
Ecuador,1990,1990-11-25,hombres,40,71975
Ecuador,1990,1990-11-25,hombres,41,31799
Ecuador,1990,1990-11-25,hombres,42,47193
Ecuador,1990,1990-11-25,hombres,43,37724
Ecuador,1990,1990-11-25,hombres,44,31950
Ecuador,1990,1990-11-25,hombres,45,49543
Ecuador,1990,1990-11-25,hombres,46,33849
Ecuador,1990,1990-11-25,hombres,47,28465
Ecuador,1990,1990-11-25,hombres,48,36454
Ecuador,1990,1990-11-25,hombres,49,26369
Ecuador,1990,1990-11-25,hombres,50,48149
Ecuador,1990,1990-11-25,hombres,51,20079
Ecuador,1990,1990-11-25,hombres,52,29471
Ecuador,1990,1990-11-25,hombres,53,24556
Ecuador,1990,1990-11-25,hombres,54,24516
Ecuador,1990,1990-11-25,hombres,55,31442
Ecuador,1990,1990-11-25,hombres,56,24508
Ecuador,1990,1990-11-25,hombres,57,18979
Ecuador,1990,1990-11-25,hombres,58,21794
Ecuador,1990,1990-11-25,hombres,59,15731
Ecuador,1990,1990-11-25,hombres,60,40766
Ecuador,1990,1990-11-25,hombres,61,12433
Ecuador,1990,1990-11-25,hombres,62,18090
Ecuador,1990,1990-11-25,hombres,63,15065
Ecuador,1990,1990-11-25,hombres,64,14144
Ecuador,1990,1990-11-25,hombres,65,24358
Ecuador,1990,1990-11-25,hombres,66,13070
Ecuador,1990,1990-11-25,hombres,67,11371
Ecuador,1990,1990-11-25,hombres,68,12752
Ecuador,1990,1990-11-25,hombres,69,8127
Ecuador,1990,1990-11-25,hombres,70,23786
Ecuador,1990,1990-11-25,hombres,71,5724
Ecuador,1990,1990-11-25,hombres,72,9503
Ecuador,1990,1990-11-25,hombres,73,7365
Ecuador,1990,1990-11-25,hombres,74,6972
Ecuador,1990,1990-11-25,hombres,75,13429
Ecuador,1990,1990-11-25,hombres,76,6938
Ecuador,1990,1990-11-25,hombres,77,5210
Ecuador,1990,1990-11-25,hombres,78,7183
Ecuador,1990,1990-11-25,hombres,79,3711
Ecuador,1990,1990-11-25,hombres,80,11701
Ecuador,1990,1990-11-25,hombres,81,2902
Ecuador,1990,1990-11-25,hombres,82,3350
Ecuador,1990,1990-11-25,hombres,83,2695
Ecuador,1990,1990-11-25,hombres,84,2742
Ecuador,1990,1990-11-25,hombres,85,4326
Ecuador,1990,1990-11-25,hombres,86,2230
Ecuador,1990,1990-11-25,hombres,87,1690
Ecuador,1990,1990-11-25,hombres,88,1512
Ecuador,1990,1990-11-25,hombres,89,1106
Ecuador,1990,1990-11-25,hombres,90,3089
Ecuador,1990,1990-11-25,hombres,91,495
Ecuador,1990,1990-11-25,hombres,92,439
Ecuador,1990,1990-11-25,hombres,93,303
Ecuador,1990,1990-11-25,hombres,94,279
Ecuador,1990,1990-11-25,hombres,95,639
Ecuador,1990,1990-11-25,hombres,96,1813
Ecuador,1990,1990-11-25,hombres,97,0
Ecuador,1990,1990-11-25,hombres,98,0
Ecuador,1990,1990-11-25,hombres,99,0
Ecuador,1990,1990-11-25,hombres,100,0
Ecuador,1990,1990-11-25,hombres,101,0
Ecuador,1990,1990-11-25,hombres,102,0
Ecuador,1990,1990-11-25,hombres,103,0
Ecuador,1990,1990-11-25,hombres,104,0
Ecuador,1990,1990-11-25,hombres,105,0
Ecuador,1990,1990-11-25,hombres,106,0
Ecuador,1990,1990-11-25,hombres,107,0
Ecuador,1990,1990-11-25,hombres,108,0
Ecuador,1990,1990-11-25,hombres,109,0
Ecuador,1990,1990-11-25,hombres,110,0
Ecuador,1990,1990-11-25,hombres,111,0
Ecuador,1990,1990-11-25,hombres,112,0
Ecuador,1990,1990-11-25,hombres,113,0
Ecuador,1990,1990-11-25,hombres,114,0
Ecuador,1990,1990-11-25,hombres,115,0
Ecuador,1990,1990-11-25,hombres,116,0
Ecuador,1990,1990-11-25,hombres,117,0
Ecuador,1990,1990-11-25,hombres,118,0
Ecuador,1990,1990-11-25,hombres,119,0
Ecuador,1990,1990-11-25,hombres,120,0
Ecuador,1990,1990-11-25,mujeres,0,116162
Ecuador,1990,1990-11-25,mujeres,1,117741
Ecuador,1990,1990-11-25,mujeres,2,122124
Ecuador,1990,1990-11-25,mujeres,3,128074
Ecuador,1990,1990-11-25,mujeres,4,125986
Ecuador,1990,1990-11-25,mujeres,5,127127
Ecuador,1990,1990-11-25,mujeres,6,120720
Ecuador,1990,1990-11-25,mujeres,7,120627
Ecuador,1990,1990-11-25,mujeres,8,129381
Ecuador,1990,1990-11-25,mujeres,9,123294
Ecuador,1990,1990-11-25,mujeres,10,131950
Ecuador,1990,1990-11-25,mujeres,11,115045
Ecuador,1990,1990-11-25,mujeres,12,124159
Ecuador,1990,1990-11-25,mujeres,13,115435
Ecuador,1990,1990-11-25,mujeres,14,115910
Ecuador,1990,1990-11-25,mujeres,15,115078
Ecuador,1990,1990-11-25,mujeres,16,106502
Ecuador,1990,1990-11-25,mujeres,17,104265
Ecuador,1990,1990-11-25,mujeres,18,110823
Ecuador,1990,1990-11-25,mujeres,19,92464
Ecuador,1990,1990-11-25,mujeres,20,112267
Ecuador,1990,1990-11-25,mujeres,21,81699
Ecuador,1990,1990-11-25,mujeres,22,98104
Ecuador,1990,1990-11-25,mujeres,23,91810
Ecuador,1990,1990-11-25,mujeres,24,90551
Ecuador,1990,1990-11-25,mujeres,25,95964
Ecuador,1990,1990-11-25,mujeres,26,81884
Ecuador,1990,1990-11-25,mujeres,27,78655
Ecuador,1990,1990-11-25,mujeres,28,85267
Ecuador,1990,1990-11-25,mujeres,29,66064
Ecuador,1990,1990-11-25,mujeres,30,100183
Ecuador,1990,1990-11-25,mujeres,31,51896
Ecuador,1990,1990-11-25,mujeres,32,68321
Ecuador,1990,1990-11-25,mujeres,33,62248
Ecuador,1990,1990-11-25,mujeres,34,56776
Ecuador,1990,1990-11-25,mujeres,35,70318
Ecuador,1990,1990-11-25,mujeres,36,59590
Ecuador,1990,1990-11-25,mujeres,37,50381
Ecuador,1990,1990-11-25,mujeres,38,61991
Ecuador,1990,1990-11-25,mujeres,39,45795
Ecuador,1990,1990-11-25,mujeres,40,74131
Ecuador,1990,1990-11-25,mujeres,41,29865
Ecuador,1990,1990-11-25,mujeres,42,46690
Ecuador,1990,1990-11-25,mujeres,43,37830
Ecuador,1990,1990-11-25,mujeres,44,32798
Ecuador,1990,1990-11-25,mujeres,45,50997
Ecuador,1990,1990-11-25,mujeres,46,33622
Ecuador,1990,1990-11-25,mujeres,47,28446
Ecuador,1990,1990-11-25,mujeres,48,38253
Ecuador,1990,1990-11-25,mujeres,49,25036
Ecuador,1990,1990-11-25,mujeres,50,51543
Ecuador,1990,1990-11-25,mujeres,51,18267
Ecuador,1990,1990-11-25,mujeres,52,28897
Ecuador,1990,1990-11-25,mujeres,53,23988
Ecuador,1990,1990-11-25,mujeres,54,25482
Ecuador,1990,1990-11-25,mujeres,55,33024
Ecuador,1990,1990-11-25,mujeres,56,24514
Ecuador,1990,1990-11-25,mujeres,57,18141
Ecuador,1990,1990-11-25,mujeres,58,22961
Ecuador,1990,1990-11-25,mujeres,59,14574
Ecuador,1990,1990-11-25,mujeres,60,45715
Ecuador,1990,1990-11-25,mujeres,61,10815
Ecuador,1990,1990-11-25,mujeres,62,17547
Ecuador,1990,1990-11-25,mujeres,63,14350
Ecuador,1990,1990-11-25,mujeres,64,14287
Ecuador,1990,1990-11-25,mujeres,65,27009
Ecuador,1990,1990-11-25,mujeres,66,12627
Ecuador,1990,1990-11-25,mujeres,67,10305
Ecuador,1990,1990-11-25,mujeres,68,13538
Ecuador,1990,1990-11-25,mujeres,69,7143
Ecuador,1990,1990-11-25,mujeres,70,27427
Ecuador,1990,1990-11-25,mujeres,71,5012
Ecuador,1990,1990-11-25,mujeres,72,9459
Ecuador,1990,1990-11-25,mujeres,73,7146
Ecuador,1990,1990-11-25,mujeres,74,6869
Ecuador,1990,1990-11-25,mujeres,75,15094
Ecuador,1990,1990-11-25,mujeres,76,7071
Ecuador,1990,1990-11-25,mujeres,77,4671
Ecuador,1990,1990-11-25,mujeres,78,7563
Ecuador,1990,1990-11-25,mujeres,79,3686
Ecuador,1990,1990-11-25,mujeres,80,15626
Ecuador,1990,1990-11-25,mujeres,81,2746
Ecuador,1990,1990-11-25,mujeres,82,4007
Ecuador,1990,1990-11-25,mujeres,83,2815
Ecuador,1990,1990-11-25,mujeres,84,3021
Ecuador,1990,1990-11-25,mujeres,85,5926
Ecuador,1990,1990-11-25,mujeres,86,2707
Ecuador,1990,1990-11-25,mujeres,87,1929
Ecuador,1990,1990-11-25,mujeres,88,1805
Ecuador,1990,1990-11-25,mujeres,89,1365
Ecuador,1990,1990-11-25,mujeres,90,4845
Ecuador,1990,1990-11-25,mujeres,91,498
Ecuador,1990,1990-11-25,mujeres,92,668
Ecuador,1990,1990-11-25,mujeres,93,411
Ecuador,1990,1990-11-25,mujeres,94,406
Ecuador,1990,1990-11-25,mujeres,95,1077
Ecuador,1990,1990-11-25,mujeres,96,2901
Ecuador,1990,1990-11-25,mujeres,97,0
Ecuador,1990,1990-11-25,mujeres,98,0
Ecuador,1990,1990-11-25,mujeres,99,0
Ecuador,1990,1990-11-25,mujeres,100,0
Ecuador,1990,1990-11-25,mujeres,101,0
Ecuador,1990,1990-11-25,mujeres,102,0
Ecuador,1990,1990-11-25,mujeres,103,0
Ecuador,1990,1990-11-25,mujeres,104,0
Ecuador,1990,1990-11-25,mujeres,105,0
Ecuador,1990,1990-11-25,mujeres,106,0
Ecuador,1990,1990-11-25,mujeres,107,0
Ecuador,1990,1990-11-25,mujeres,108,0
Ecuador,1990,1990-11-25,mujeres,109,0
Ecuador,1990,1990-11-25,mujeres,110,0
Ecuador,1990,1990-11-25,mujeres,111,0
Ecuador,1990,1990-11-25,mujeres,112,0
Ecuador,1990,1990-11-25,mujeres,113,0
Ecuador,1990,1990-11-25,mujeres,114,0
Ecuador,1990,1990-11-25,mujeres,115,0
Ecuador,1990,1990-11-25,mujeres,116,0
Ecuador,1990,1990-11-25,mujeres,117,0
Ecuador,1990,1990-11-25,mujeres,118,0
Ecuador,1990,1990-11-25,mujeres,119,0
Ecuador,1990,1990-11-25,mujeres,120,0
Ecuador,2001,2001-11-25,hombres,0,120000
Ecuador,2001,2001-11-25,hombres,1,135559
Ecuador,2001,2001-11-25,hombres,2,144246
Ecuador,2001,2001-11-25,hombres,3,137030
Ecuador,2001,2001-11-25,hombres,4,141741
Ecuador,2001,2001-11-25,hombres,5,133649
Ecuador,2001,2001-11-25,hombres,6,134485
Ecuador,2001,2001-11-25,hombres,7,141016
Ecuador,2001,2001-11-25,hombres,8,144709
Ecuador,2001,2001-11-25,hombres,9,135264
Ecuador,2001,2001-11-25,hombres,10,139352
Ecuador,2001,2001-11-25,hombres,11,135872
Ecuador,2001,2001-11-25,hombres,12,140093
Ecuador,2001,2001-11-25,hombres,13,134433
Ecuador,2001,2001-11-25,hombres,14,129521
Ecuador,2001,2001-11-25,hombres,15,125849
Ecuador,2001,2001-11-25,hombres,16,126389
Ecuador,2001,2001-11-25,hombres,17,124228
Ecuador,2001,2001-11-25,hombres,18,128385
Ecuador,2001,2001-11-25,hombres,19,112236
Ecuador,2001,2001-11-25,hombres,20,120855
Ecuador,2001,2001-11-25,hombres,21,114838
Ecuador,2001,2001-11-25,hombres,22,116576
Ecuador,2001,2001-11-25,hombres,23,114061
Ecuador,2001,2001-11-25,hombres,24,104688
Ecuador,2001,2001-11-25,hombres,25,100768
Ecuador,2001,2001-11-25,hombres,26,92472
Ecuador,2001,2001-11-25,hombres,27,90797
Ecuador,2001,2001-11-25,hombres,28,93245
Ecuador,2001,2001-11-25,hombres,29,80027
Ecuador,2001,2001-11-25,hombres,30,106059
Ecuador,2001,2001-11-25,hombres,31,81211
Ecuador,2001,2001-11-25,hombres,32,82332
Ecuador,2001,2001-11-25,hombres,33,82221
Ecuador,2001,2001-11-25,hombres,34,71549
Ecuador,2001,2001-11-25,hombres,35,78670
Ecuador,2001,2001-11-25,hombres,36,78268
Ecuador,2001,2001-11-25,hombres,37,69844
Ecuador,2001,2001-11-25,hombres,38,80403
Ecuador,2001,2001-11-25,hombres,39,67320
Ecuador,2001,2001-11-25,hombres,40,84403
Ecuador,2001,2001-11-25,hombres,41,64778
Ecuador,2001,2001-11-25,hombres,42,71478
Ecuador,2001,2001-11-25,hombres,43,59219
Ecuador,2001,2001-11-25,hombres,44,52299
Ecuador,2001,2001-11-25,hombres,45,63379
Ecuador,2001,2001-11-25,hombres,46,55381
Ecuador,2001,2001-11-25,hombres,47,49025
Ecuador,2001,2001-11-25,hombres,48,53763
Ecuador,2001,2001-11-25,hombres,49,43422
Ecuador,2001,2001-11-25,hombres,50,57981
Ecuador,2001,2001-11-25,hombres,51,45795
Ecuador,2001,2001-11-25,hombres,52,47679
Ecuador,2001,2001-11-25,hombres,53,40477
Ecuador,2001,2001-11-25,hombres,54,38331
Ecuador,2001,2001-11-25,hombres,55,41410
Ecuador,2001,2001-11-25,hombres,56,39650
Ecuador,2001,2001-11-25,hombres,57,29889
Ecuador,2001,2001-11-25,hombres,58,31461
Ecuador,2001,2001-11-25,hombres,59,25650
Ecuador,2001,2001-11-25,hombres,60,40743
Ecuador,2001,2001-11-25,hombres,61,26094
Ecuador,2001,2001-11-25,hombres,62,27272
Ecuador,2001,2001-11-25,hombres,63,25645
Ecuador,2001,2001-11-25,hombres,64,24179
Ecuador,2001,2001-11-25,hombres,65,34958
Ecuador,2001,2001-11-25,hombres,66,24703
Ecuador,2001,2001-11-25,hombres,67,21308
Ecuador,2001,2001-11-25,hombres,68,20780
Ecuador,2001,2001-11-25,hombres,69,15746
Ecuador,2001,2001-11-25,hombres,70,26724
Ecuador,2001,2001-11-25,hombres,71,18301
Ecuador,2001,2001-11-25,hombres,72,19625
Ecuador,2001,2001-11-25,hombres,73,16460
Ecuador,2001,2001-11-25,hombres,74,13991
Ecuador,2001,2001-11-25,hombres,75,20365
Ecuador,2001,2001-11-25,hombres,76,14791
Ecuador,2001,2001-11-25,hombres,77,11620
Ecuador,2001,2001-11-25,hombres,78,13457
Ecuador,2001,2001-11-25,hombres,79,8822
Ecuador,2001,2001-11-25,hombres,80,14759
Ecuador,2001,2001-11-25,hombres,81,8341
Ecuador,2001,2001-11-25,hombres,82,8383
Ecuador,2001,2001-11-25,hombres,83,6919
Ecuador,2001,2001-11-25,hombres,84,6690
Ecuador,2001,2001-11-25,hombres,85,8849
Ecuador,2001,2001-11-25,hombres,86,6322
Ecuador,2001,2001-11-25,hombres,87,5284
Ecuador,2001,2001-11-25,hombres,88,4911
Ecuador,2001,2001-11-25,hombres,89,3619
Ecuador,2001,2001-11-25,hombres,90,5233
Ecuador,2001,2001-11-25,hombres,91,4090
Ecuador,2001,2001-11-25,hombres,92,3931
Ecuador,2001,2001-11-25,hombres,93,2506
Ecuador,2001,2001-11-25,hombres,94,2591
Ecuador,2001,2001-11-25,hombres,95,10662
Ecuador,2001,2001-11-25,hombres,96,1780
Ecuador,2001,2001-11-25,hombres,97,2168
Ecuador,2001,2001-11-25,hombres,98,0
Ecuador,2001,2001-11-25,hombres,99,0
Ecuador,2001,2001-11-25,hombres,100,0
Ecuador,2001,2001-11-25,hombres,101,0
Ecuador,2001,2001-11-25,hombres,102,0
Ecuador,2001,2001-11-25,hombres,103,0
Ecuador,2001,2001-11-25,hombres,104,0
Ecuador,2001,2001-11-25,hombres,105,0
Ecuador,2001,2001-11-25,hombres,106,0
Ecuador,2001,2001-11-25,hombres,107,0
Ecuador,2001,2001-11-25,hombres,108,0
Ecuador,2001,2001-11-25,hombres,109,0
Ecuador,2001,2001-11-25,hombres,110,0
Ecuador,2001,2001-11-25,hombres,111,0
Ecuador,2001,2001-11-25,hombres,112,0
Ecuador,2001,2001-11-25,hombres,113,0
Ecuador,2001,2001-11-25,hombres,114,0
Ecuador,2001,2001-11-25,hombres,115,0
Ecuador,2001,2001-11-25,hombres,116,0
Ecuador,2001,2001-11-25,hombres,117,0
Ecuador,2001,2001-11-25,hombres,118,0
Ecuador,2001,2001-11-25,hombres,119,0
Ecuador,2001,2001-11-25,hombres,120,0
Ecuador,2001,2001-11-25,mujeres,0,117209
Ecuador,2001,2001-11-25,mujeres,1,131046
Ecuador,2001,2001-11-25,mujeres,2,139939
Ecuador,2001,2001-11-25,mujeres,3,131994
Ecuador,2001,2001-11-25,mujeres,4,138096
Ecuador,2001,2001-11-25,mujeres,5,129211
Ecuador,2001,2001-11-25,mujeres,6,132415
Ecuador,2001,2001-11-25,mujeres,7,136425
Ecuador,2001,2001-11-25,mujeres,8,141973
Ecuador,2001,2001-11-25,mujeres,9,132974
Ecuador,2001,2001-11-25,mujeres,10,134614
Ecuador,2001,2001-11-25,mujeres,11,130429
Ecuador,2001,2001-11-25,mujeres,12,134717
Ecuador,2001,2001-11-25,mujeres,13,132191
Ecuador,2001,2001-11-25,mujeres,14,129817
Ecuador,2001,2001-11-25,mujeres,15,127208
Ecuador,2001,2001-11-25,mujeres,16,127723
Ecuador,2001,2001-11-25,mujeres,17,124214
Ecuador,2001,2001-11-25,mujeres,18,127072
Ecuador,2001,2001-11-25,mujeres,19,117227
Ecuador,2001,2001-11-25,mujeres,20,128076
Ecuador,2001,2001-11-25,mujeres,21,120204
Ecuador,2001,2001-11-25,mujeres,22,121635
Ecuador,2001,2001-11-25,mujeres,23,117652
Ecuador,2001,2001-11-25,mujeres,24,110052
Ecuador,2001,2001-11-25,mujeres,25,107953
Ecuador,2001,2001-11-25,mujeres,26,97668
Ecuador,2001,2001-11-25,mujeres,27,97907
Ecuador,2001,2001-11-25,mujeres,28,100482
Ecuador,2001,2001-11-25,mujeres,29,86076
Ecuador,2001,2001-11-25,mujeres,30,106887
Ecuador,2001,2001-11-25,mujeres,31,83455
Ecuador,2001,2001-11-25,mujeres,32,87973
Ecuador,2001,2001-11-25,mujeres,33,84830
Ecuador,2001,2001-11-25,mujeres,34,76554
Ecuador,2001,2001-11-25,mujeres,35,84685
Ecuador,2001,2001-11-25,mujeres,36,83686
Ecuador,2001,2001-11-25,mujeres,37,75845
Ecuador,2001,2001-11-25,mujeres,38,85948
Ecuador,2001,2001-11-25,mujeres,39,69874
Ecuador,2001,2001-11-25,mujeres,40,88722
Ecuador,2001,2001-11-25,mujeres,41,62790
Ecuador,2001,2001-11-25,mujeres,42,72960
Ecuador,2001,2001-11-25,mujeres,43,62304
Ecuador,2001,2001-11-25,mujeres,44,54918
Ecuador,2001,2001-11-25,mujeres,45,66333
Ecuador,2001,2001-11-25,mujeres,46,57123
Ecuador,2001,2001-11-25,mujeres,47,50598
Ecuador,2001,2001-11-25,mujeres,48,55921
Ecuador,2001,2001-11-25,mujeres,49,44038
Ecuador,2001,2001-11-25,mujeres,50,60815
Ecuador,2001,2001-11-25,mujeres,51,43259
Ecuador,2001,2001-11-25,mujeres,52,47882
Ecuador,2001,2001-11-25,mujeres,53,40760
Ecuador,2001,2001-11-25,mujeres,54,39876
Ecuador,2001,2001-11-25,mujeres,55,42400
Ecuador,2001,2001-11-25,mujeres,56,39304
Ecuador,2001,2001-11-25,mujeres,57,30694
Ecuador,2001,2001-11-25,mujeres,58,33137
Ecuador,2001,2001-11-25,mujeres,59,25816
Ecuador,2001,2001-11-25,mujeres,60,42979
Ecuador,2001,2001-11-25,mujeres,61,25176
Ecuador,2001,2001-11-25,mujeres,62,28111
Ecuador,2001,2001-11-25,mujeres,63,27804
Ecuador,2001,2001-11-25,mujeres,64,25664
Ecuador,2001,2001-11-25,mujeres,65,39989
Ecuador,2001,2001-11-25,mujeres,66,25783
Ecuador,2001,2001-11-25,mujeres,67,22181
Ecuador,2001,2001-11-25,mujeres,68,22591
Ecuador,2001,2001-11-25,mujeres,69,15992
Ecuador,2001,2001-11-25,mujeres,70,29977
Ecuador,2001,2001-11-25,mujeres,71,17297
Ecuador,2001,2001-11-25,mujeres,72,20237
Ecuador,2001,2001-11-25,mujeres,73,17179
Ecuador,2001,2001-11-25,mujeres,74,14895
Ecuador,2001,2001-11-25,mujeres,75,22373
Ecuador,2001,2001-11-25,mujeres,76,16000
Ecuador,2001,2001-11-25,mujeres,77,11893
Ecuador,2001,2001-11-25,mujeres,78,14121
Ecuador,2001,2001-11-25,mujeres,79,9507
Ecuador,2001,2001-11-25,mujeres,80,18248
Ecuador,2001,2001-11-25,mujeres,81,8248
Ecuador,2001,2001-11-25,mujeres,82,9331
Ecuador,2001,2001-11-25,mujeres,83,8154
Ecuador,2001,2001-11-25,mujeres,84,8389
Ecuador,2001,2001-11-25,mujeres,85,10230
Ecuador,2001,2001-11-25,mujeres,86,7215
Ecuador,2001,2001-11-25,mujeres,87,6350
Ecuador,2001,2001-11-25,mujeres,88,5733
Ecuador,2001,2001-11-25,mujeres,89,4654
Ecuador,2001,2001-11-25,mujeres,90,6733
Ecuador,2001,2001-11-25,mujeres,91,3900
Ecuador,2001,2001-11-25,mujeres,92,4095
Ecuador,2001,2001-11-25,mujeres,93,3328
Ecuador,2001,2001-11-25,mujeres,94,2979
Ecuador,2001,2001-11-25,mujeres,95,12100
Ecuador,2001,2001-11-25,mujeres,96,1844
Ecuador,2001,2001-11-25,mujeres,97,3389
Ecuador,2001,2001-11-25,mujeres,98,0
Ecuador,2001,2001-11-25,mujeres,99,0
Ecuador,2001,2001-11-25,mujeres,100,0
Ecuador,2001,2001-11-25,mujeres,101,0
Ecuador,2001,2001-11-25,mujeres,102,0
Ecuador,2001,2001-11-25,mujeres,103,0
Ecuador,2001,2001-11-25,mujeres,104,0
Ecuador,2001,2001-11-25,mujeres,105,0
Ecuador,2001,2001-11-25,mujeres,106,0
Ecuador,2001,2001-11-25,mujeres,107,0
Ecuador,2001,2001-11-25,mujeres,108,0
Ecuador,2001,2001-11-25,mujeres,109,0
Ecuador,2001,2001-11-25,mujeres,110,0
Ecuador,2001,2001-11-25,mujeres,111,0
Ecuador,2001,2001-11-25,mujeres,112,0
Ecuador,2001,2001-11-25,mujeres,113,0
Ecuador,2001,2001-11-25,mujeres,114,0
Ecuador,2001,2001-11-25,mujeres,115,0
Ecuador,2001,2001-11-25,mujeres,116,0
Ecuador,2001,2001-11-25,mujeres,117,0
Ecuador,2001,2001-11-25,mujeres,118,0
Ecuador,2001,2001-11-25,mujeres,119,0
Ecuador,2001,2001-11-25,mujeres,120,0
Ecuador,2010,2010-11-28,hombres,0,132183
Ecuador,2010,2010-11-28,hombres,1,152174
Ecuador,2010,2010-11-28,hombres,2,152184
Ecuador,2010,2010-11-28,hombres,3,153829
Ecuador,2010,2010-11-28,hombres,4,153935
Ecuador,2010,2010-11-28,hombres,5,146130
Ecuador,2010,2010-11-28,hombres,6,150684
Ecuador,2010,2010-11-28,hombres,7,155573
Ecuador,2010,2010-11-28,hombres,8,161547
Ecuador,2010,2010-11-28,hombres,9,159956
Ecuador,2010,2010-11-28,hombres,10,172793
Ecuador,2010,2010-11-28,hombres,11,160469
Ecuador,2010,2010-11-28,hombres,12,145896
Ecuador,2010,2010-11-28,hombres,13,152073
Ecuador,2010,2010-11-28,hombres,14,151746
Ecuador,2010,2010-11-28,hombres,15,147212
Ecuador,2010,2010-11-28,hombres,16,144626
Ecuador,2010,2010-11-28,hombres,17,146979
Ecuador,2010,2010-11-28,hombres,18,142688
Ecuador,2010,2010-11-28,hombres,19,132043
Ecuador,2010,2010-11-28,hombres,20,133908
Ecuador,2010,2010-11-28,hombres,21,124325
Ecuador,2010,2010-11-28,hombres,22,131821
Ecuador,2010,2010-11-28,hombres,23,126553
Ecuador,2010,2010-11-28,hombres,24,122533
Ecuador,2010,2010-11-28,hombres,25,124049
Ecuador,2010,2010-11-28,hombres,26,116621
Ecuador,2010,2010-11-28,hombres,27,115202
Ecuador,2010,2010-11-28,hombres,28,117844
Ecuador,2010,2010-11-28,hombres,29,113234
Ecuador,2010,2010-11-28,hombres,30,117279
Ecuador,2010,2010-11-28,hombres,31,103527
Ecuador,2010,2010-11-28,hombres,32,102954
Ecuador,2010,2010-11-28,hombres,33,101616
Ecuador,2010,2010-11-28,hombres,34,95515
Ecuador,2010,2010-11-28,hombres,35,94162
Ecuador,2010,2010-11-28,hombres,36,92301
Ecuador,2010,2010-11-28,hombres,37,89766
Ecuador,2010,2010-11-28,hombres,38,92126
Ecuador,2010,2010-11-28,hombres,39,87847
Ecuador,2010,2010-11-28,hombres,40,89993
Ecuador,2010,2010-11-28,hombres,41,77348
Ecuador,2010,2010-11-28,hombres,42,81520
Ecuador,2010,2010-11-28,hombres,43,75359
Ecuador,2010,2010-11-28,hombres,44,75010
Ecuador,2010,2010-11-28,hombres,45,78011
Ecuador,2010,2010-11-28,hombres,46,75147
Ecuador,2010,2010-11-28,hombres,47,74138
Ecuador,2010,2010-11-28,hombres,48,72758
Ecuador,2010,2010-11-28,hombres,49,66394
Ecuador,2010,2010-11-28,hombres,50,70233
Ecuador,2010,2010-11-28,hombres,51,58574
Ecuador,2010,2010-11-28,hombres,52,57522
Ecuador,2010,2010-11-28,hombres,53,57556
Ecuador,2010,2010-11-28,hombres,54,54843
Ecuador,2010,2010-11-28,hombres,55,56695
Ecuador,2010,2010-11-28,hombres,56,53979
Ecuador,2010,2010-11-28,hombres,57,50459
Ecuador,2010,2010-11-28,hombres,58,47331
Ecuador,2010,2010-11-28,hombres,59,44642
Ecuador,2010,2010-11-28,hombres,60,46783
Ecuador,2010,2010-11-28,hombres,61,38244
Ecuador,2010,2010-11-28,hombres,62,37779
Ecuador,2010,2010-11-28,hombres,63,38001
Ecuador,2010,2010-11-28,hombres,64,35607
Ecuador,2010,2010-11-28,hombres,65,37514
Ecuador,2010,2010-11-28,hombres,66,32683
Ecuador,2010,2010-11-28,hombres,67,30036
Ecuador,2010,2010-11-28,hombres,68,29335
Ecuador,2010,2010-11-28,hombres,69,27236
Ecuador,2010,2010-11-28,hombres,70,32261
Ecuador,2010,2010-11-28,hombres,71,20969
Ecuador,2010,2010-11-28,hombres,72,22197
Ecuador,2010,2010-11-28,hombres,73,20643
Ecuador,2010,2010-11-28,hombres,74,20133
Ecuador,2010,2010-11-28,hombres,75,20070
Ecuador,2010,2010-11-28,hombres,76,16222
Ecuador,2010,2010-11-28,hombres,77,15317
Ecuador,2010,2010-11-28,hombres,78,14765
Ecuador,2010,2010-11-28,hombres,79,12228
Ecuador,2010,2010-11-28,hombres,80,15062
Ecuador,2010,2010-11-28,hombres,81,10746
Ecuador,2010,2010-11-28,hombres,82,10611
Ecuador,2010,2010-11-28,hombres,83,8512
Ecuador,2010,2010-11-28,hombres,84,8226
Ecuador,2010,2010-11-28,hombres,85,7731
Ecuador,2010,2010-11-28,hombres,86,6070
Ecuador,2010,2010-11-28,hombres,87,4905
Ecuador,2010,2010-11-28,hombres,88,4568
Ecuador,2010,2010-11-28,hombres,89,3460
Ecuador,2010,2010-11-28,hombres,90,3610
Ecuador,2010,2010-11-28,hombres,91,2006
Ecuador,2010,2010-11-28,hombres,92,2022
Ecuador,2010,2010-11-28,hombres,93,1526
Ecuador,2010,2010-11-28,hombres,94,1359
Ecuador,2010,2010-11-28,hombres,95,1038
Ecuador,2010,2010-11-28,hombres,96,831
Ecuador,2010,2010-11-28,hombres,97,540
Ecuador,2010,2010-11-28,hombres,98,441
Ecuador,2010,2010-11-28,hombres,99,283
Ecuador,2010,2010-11-28,hombres,100,261
Ecuador,2010,2010-11-28,hombres,101,113
Ecuador,2010,2010-11-28,hombres,102,77
Ecuador,2010,2010-11-28,hombres,103,47
Ecuador,2010,2010-11-28,hombres,104,32
Ecuador,2010,2010-11-28,hombres,105,31
Ecuador,2010,2010-11-28,hombres,106,19
Ecuador,2010,2010-11-28,hombres,107,14
Ecuador,2010,2010-11-28,hombres,108,12
Ecuador,2010,2010-11-28,hombres,109,7
Ecuador,2010,2010-11-28,hombres,110,26
Ecuador,2010,2010-11-28,hombres,111,22
Ecuador,2010,2010-11-28,hombres,112,3
Ecuador,2010,2010-11-28,hombres,113,5
Ecuador,2010,2010-11-28,hombres,114,7
Ecuador,2010,2010-11-28,hombres,115,7
Ecuador,2010,2010-11-28,hombres,116,4
Ecuador,2010,2010-11-28,hombres,117,4
Ecuador,2010,2010-11-28,hombres,118,3
Ecuador,2010,2010-11-28,hombres,119,2
Ecuador,2010,2010-11-28,hombres,120,2
Ecuador,2010,2010-11-28,mujeres,0,127774
Ecuador,2010,2010-11-28,mujeres,1,145674
Ecuador,2010,2010-11-28,mujeres,2,147721
Ecuador,2010,2010-11-28,mujeres,3,148202
Ecuador,2010,2010-11-28,mujeres,4,148601
Ecuador,2010,2010-11-28,mujeres,5,141621
Ecuador,2010,2010-11-28,mujeres,6,146349
Ecuador,2010,2010-11-28,mujeres,7,151168
Ecuador,2010,2010-11-28,mujeres,8,157491
Ecuador,2010,2010-11-28,mujeres,9,156287
Ecuador,2010,2010-11-28,mujeres,10,165576
Ecuador,2010,2010-11-28,mujeres,11,155885
Ecuador,2010,2010-11-28,mujeres,12,139537
Ecuador,2010,2010-11-28,mujeres,13,147757
Ecuador,2010,2010-11-28,mujeres,14,147610
Ecuador,2010,2010-11-28,mujeres,15,144260
Ecuador,2010,2010-11-28,mujeres,16,141372
Ecuador,2010,2010-11-28,mujeres,17,144265
Ecuador,2010,2010-11-28,mujeres,18,141369
Ecuador,2010,2010-11-28,mujeres,19,134723
Ecuador,2010,2010-11-28,mujeres,20,135024
Ecuador,2010,2010-11-28,mujeres,21,127956
Ecuador,2010,2010-11-28,mujeres,22,133388
Ecuador,2010,2010-11-28,mujeres,23,129740
Ecuador,2010,2010-11-28,mujeres,24,126878
Ecuador,2010,2010-11-28,mujeres,25,128636
Ecuador,2010,2010-11-28,mujeres,26,122015
Ecuador,2010,2010-11-28,mujeres,27,120435
Ecuador,2010,2010-11-28,mujeres,28,122809
Ecuador,2010,2010-11-28,mujeres,29,119719
Ecuador,2010,2010-11-28,mujeres,30,120990
Ecuador,2010,2010-11-28,mujeres,31,110754
Ecuador,2010,2010-11-28,mujeres,32,108115
Ecuador,2010,2010-11-28,mujeres,33,105497
Ecuador,2010,2010-11-28,mujeres,34,101042
Ecuador,2010,2010-11-28,mujeres,35,98639
Ecuador,2010,2010-11-28,mujeres,36,98540
Ecuador,2010,2010-11-28,mujeres,37,95150
Ecuador,2010,2010-11-28,mujeres,38,97430
Ecuador,2010,2010-11-28,mujeres,39,92765
Ecuador,2010,2010-11-28,mujeres,40,93331
Ecuador,2010,2010-11-28,mujeres,41,81765
Ecuador,2010,2010-11-28,mujeres,42,85111
Ecuador,2010,2010-11-28,mujeres,43,79831
Ecuador,2010,2010-11-28,mujeres,44,79734
Ecuador,2010,2010-11-28,mujeres,45,81826
Ecuador,2010,2010-11-28,mujeres,46,78412
Ecuador,2010,2010-11-28,mujeres,47,77683
Ecuador,2010,2010-11-28,mujeres,48,76111
Ecuador,2010,2010-11-28,mujeres,49,69661
Ecuador,2010,2010-11-28,mujeres,50,72137
Ecuador,2010,2010-11-28,mujeres,51,61640
Ecuador,2010,2010-11-28,mujeres,52,59689
Ecuador,2010,2010-11-28,mujeres,53,59881
Ecuador,2010,2010-11-28,mujeres,54,58057
Ecuador,2010,2010-11-28,mujeres,55,58947
Ecuador,2010,2010-11-28,mujeres,56,55943
Ecuador,2010,2010-11-28,mujeres,57,52007
Ecuador,2010,2010-11-28,mujeres,58,49660
Ecuador,2010,2010-11-28,mujeres,59,46230
Ecuador,2010,2010-11-28,mujeres,60,48650
Ecuador,2010,2010-11-28,mujeres,61,39351
Ecuador,2010,2010-11-28,mujeres,62,39372
Ecuador,2010,2010-11-28,mujeres,63,39381
Ecuador,2010,2010-11-28,mujeres,64,37591
Ecuador,2010,2010-11-28,mujeres,65,39761
Ecuador,2010,2010-11-28,mujeres,66,34606
Ecuador,2010,2010-11-28,mujeres,67,31980
Ecuador,2010,2010-11-28,mujeres,68,31935
Ecuador,2010,2010-11-28,mujeres,69,28731
Ecuador,2010,2010-11-28,mujeres,70,34860
Ecuador,2010,2010-11-28,mujeres,71,21711
Ecuador,2010,2010-11-28,mujeres,72,23809
Ecuador,2010,2010-11-28,mujeres,73,21992
Ecuador,2010,2010-11-28,mujeres,74,21516
Ecuador,2010,2010-11-28,mujeres,75,22394
Ecuador,2010,2010-11-28,mujeres,76,17660
Ecuador,2010,2010-11-28,mujeres,77,16685
Ecuador,2010,2010-11-28,mujeres,78,16238
Ecuador,2010,2010-11-28,mujeres,79,13639
Ecuador,2010,2010-11-28,mujeres,80,18327
Ecuador,2010,2010-11-28,mujeres,81,11821
Ecuador,2010,2010-11-28,mujeres,82,12310
Ecuador,2010,2010-11-28,mujeres,83,9958
Ecuador,2010,2010-11-28,mujeres,84,9979
Ecuador,2010,2010-11-28,mujeres,85,9823
Ecuador,2010,2010-11-28,mujeres,86,7587
Ecuador,2010,2010-11-28,mujeres,87,6289
Ecuador,2010,2010-11-28,mujeres,88,5853
Ecuador,2010,2010-11-28,mujeres,89,4449
Ecuador,2010,2010-11-28,mujeres,90,5163
Ecuador,2010,2010-11-28,mujeres,91,2687
Ecuador,2010,2010-11-28,mujeres,92,2773
Ecuador,2010,2010-11-28,mujeres,93,2372
Ecuador,2010,2010-11-28,mujeres,94,1982
Ecuador,2010,2010-11-28,mujeres,95,1647
Ecuador,2010,2010-11-28,mujeres,96,1265
Ecuador,2010,2010-11-28,mujeres,97,855
Ecuador,2010,2010-11-28,mujeres,98,687
Ecuador,2010,2010-11-28,mujeres,99,452
Ecuador,2010,2010-11-28,mujeres,100,462
Ecuador,2010,2010-11-28,mujeres,101,220
Ecuador,2010,2010-11-28,mujeres,102,153
Ecuador,2010,2010-11-28,mujeres,103,95
Ecuador,2010,2010-11-28,mujeres,104,79
Ecuador,2010,2010-11-28,mujeres,105,69
Ecuador,2010,2010-11-28,mujeres,106,35
Ecuador,2010,2010-11-28,mujeres,107,30
Ecuador,2010,2010-11-28,mujeres,108,19
Ecuador,2010,2010-11-28,mujeres,109,12
Ecuador,2010,2010-11-28,mujeres,110,32
Ecuador,2010,2010-11-28,mujeres,111,22
Ecuador,2010,2010-11-28,mujeres,112,2
Ecuador,2010,2010-11-28,mujeres,113,5
Ecuador,2010,2010-11-28,mujeres,114,3
Ecuador,2010,2010-11-28,mujeres,115,4
Ecuador,2010,2010-11-28,mujeres,116,2
Ecuador,2010,2010-11-28,mujeres,117,2
Ecuador,2010,2010-11-28,mujeres,118,4
Ecuador,2010,2010-11-28,mujeres,119,1
Ecuador,2010,2010-11-28,mujeres,120,4
